waitlist_id,patient_id,patient_name,requested_specialty,preferred_clinic_id,preferred_provider_id,requested_date,urgency_level,availability_window,waitlist_status
1,42208900150,Synthetic Patient 07455,Behavioral Health,6,33,2026-06-15,Routine,Mon/Wed/Fri only,Scheduled Elsewhere
2,41975974759,Synthetic Patient 07412,Pediatrics,4,21,2026-06-17,Routine,Weekday afternoons,Scheduled Elsewhere
3,17549722290,Synthetic Patient 01742,Endocrinology,3,,2026-06-13,Routine,Weekday afternoons,Active
4,25287387803,Synthetic Patient 03536,Family Medicine,4,,2026-06-19,Routine,Mon/Wed/Fri only,Contacted
5,31037261896,Synthetic Patient 04861,Family Medicine,1,,2026-06-03,Routine,Mon/Wed/Fri only,Active
6,22731167885,Synthetic Patient 02927,Family Medicine,1,5,2026-06-24,Routine,After 3pm only,Scheduled Elsewhere
7,38505524785,Synthetic Patient 06578,Dermatology,6,34,2026-06-30,Urgent,After 3pm only,Active
8,36578215660,Synthetic Patient 06122,Family Medicine,2,,2026-06-27,Soon,Mornings before 10am,Active
9,27535465405,Synthetic Patient 04045,Endocrinology,3,,2026-07-02,Soon,Weekday mornings,Active
10,52707303531,Synthetic Patient 09817,Internal Medicine,1,,2026-06-12,Routine,Any time,Active
11,37551096519,Synthetic Patient 06365,Internal Medicine,1,2,2026-06-22,Routine,Any time,Active
12,33428517008,Synthetic Patient 05407,Family Medicine,1,,2026-06-21,Routine,Mon/Wed/Fri only,Active
13,49219995452,Synthetic Patient 09078,Internal Medicine,1,,2026-05-31,Routine,Mornings before 10am,Active
14,30190905877,Synthetic Patient 04670,Behavioral Health,6,31,2026-06-01,Routine,Weekday afternoons,Active
15,49061711674,Synthetic Patient 09038,Pediatrics,4,23,2026-06-15,Routine,After 3pm only,Active
16,18564217606,Synthetic Patient 01947,Behavioral Health,6,,2026-07-02,Urgent,Any time,Active
17,14203438592,Synthetic Patient 00994,Behavioral Health,6,,2026-07-01,Routine,Any weekday,Active
18,23947209383,Synthetic Patient 03202,Dermatology,6,,2026-06-16,Soon,Tue/Thu only,Active
19,34870529919,Synthetic Patient 05755,Family Medicine,1,1,2026-05-27,Soon,Any time,Active
20,46798955711,Synthetic Patient 08488,Internal Medicine,1,2,2026-06-14,Routine,Mon/Wed/Fri only,Scheduled Elsewhere
21,54841413111,Synthetic Patient 10300,Family Medicine,1,,2026-06-18,Routine,After 3pm only,Active
22,15224621657,Synthetic Patient 01232,Family Medicine,2,,2026-05-30,Routine,Mornings before 10am,Active
23,40541212620,Synthetic Patient 07084,Dermatology,6,,2026-06-20,Routine,After 3pm only,Active
24,12052348392,Synthetic Patient 00481,Family Medicine,5,,2026-06-26,Routine,After 3pm only,Active
25,54813485175,Synthetic Patient 10294,Internal Medicine,3,,2026-05-29,Routine,After 3pm only,Active
26,32883713537,Synthetic Patient 05290,Family Medicine,1,,2026-06-03,Routine,Tue/Thu only,Active
27,14559996635,Synthetic Patient 01068,Behavioral Health,6,33,2026-05-13,Routine,Any time,Active
28,45281192558,Synthetic Patient 08127,Internal Medicine,1,6,2026-06-10,Routine,Mornings before 10am,Active
29,27395034748,Synthetic Patient 04009,Obstetrics & Gynecology,5,27,2026-07-01,Routine,Any time,Active
30,35280674736,Synthetic Patient 05846,Behavioral Health,6,31,2026-06-21,Soon,Tue/Thu only,Contacted
31,32321361920,Synthetic Patient 05171,Pediatrics,4,,2026-06-18,Routine,Weekday mornings,Contacted
32,36232518525,Synthetic Patient 06043,Pediatrics,4,,2026-06-23,Soon,Mornings before 10am,Active
33,47294221308,Synthetic Patient 08606,Internal Medicine,1,6,2026-07-03,Soon,Weekday mornings,Active
34,32206311282,Synthetic Patient 05146,Family Medicine,5,28,2026-04-24,Soon,After 3pm only,Scheduled Elsewhere
35,17637259919,Synthetic Patient 01759,Family Medicine,4,,2026-06-10,Soon,Weekday mornings,Active
36,46060380086,Synthetic Patient 08314,Obstetrics & Gynecology,5,,2026-06-25,Urgent,Weekday afternoons,Active
37,18053161918,Synthetic Patient 01850,Obstetrics & Gynecology,5,25,2026-04-21,Routine,After 3pm only,Active
38,54788293212,Synthetic Patient 10289,Internal Medicine,1,4,2026-06-15,Routine,Any weekday,Active
39,32259094618,Synthetic Patient 05160,Family Medicine,4,22,2026-06-27,Routine,Mornings before 10am,Active
40,22091157496,Synthetic Patient 02777,Cardiology,3,,2026-06-13,Urgent,Any time,Active
41,20659494140,Synthetic Patient 02460,Family Medicine,5,,2026-06-14,Soon,Weekday mornings,Active
42,40827790344,Synthetic Patient 07141,Pediatrics,4,19,2026-06-13,Routine,Weekday afternoons,Active
43,21889255357,Synthetic Patient 02733,Obstetrics & Gynecology,5,25,2026-06-07,Soon,Weekday mornings,Contacted
44,48830164204,Synthetic Patient 08989,Pediatrics,4,,2026-07-03,Routine,Mon/Wed/Fri only,Active
45,28753939599,Synthetic Patient 04342,Family Medicine,5,30,2026-05-14,Routine,Tue/Thu only,Active
46,18074163161,Synthetic Patient 01858,Internal Medicine,1,6,2026-06-22,Routine,Mon/Wed/Fri only,Active
47,38927932746,Synthetic Patient 06697,Pediatrics,4,,2026-06-27,Routine,Mon/Wed/Fri only,Scheduled Elsewhere
48,13260009794,Synthetic Patient 00776,Obstetrics & Gynecology,5,,2026-05-27,Routine,Tue/Thu only,Active
49,14546772673,Synthetic Patient 01061,Dermatology,6,32,2026-05-20,Routine,Any time,Active
50,45458814670,Synthetic Patient 08183,Family Medicine,4,,2026-06-19,Routine,Mornings before 10am,Active
51,30760528688,Synthetic Patient 04803,Internal Medicine,2,12,2026-06-16,Routine,Weekday mornings,Active
52,26799589332,Synthetic Patient 03882,Family Medicine,2,,2026-04-10,Routine,After 3pm only,Contacted
53,42663445103,Synthetic Patient 07568,Family Medicine,5,,2026-06-10,Routine,Mon/Wed/Fri only,Active
54,40332389710,Synthetic Patient 07034,Family Medicine,2,,2026-06-23,Routine,Any weekday,Active
55,54999882544,Synthetic Patient 10335,Obstetrics & Gynecology,5,,2026-07-04,Urgent,After 3pm only,Active
56,54144143462,Synthetic Patient 10134,Obstetrics & Gynecology,5,27,2026-06-03,Soon,Weekday afternoons,Scheduled Elsewhere
57,33873909790,Synthetic Patient 05520,Behavioral Health,6,33,2026-05-27,Soon,Weekday afternoons,Active
58,11968743995,Synthetic Patient 00461,Family Medicine,2,7,2026-06-17,Soon,Any weekday,Active
59,36178019132,Synthetic Patient 06034,Family Medicine,2,9,2026-06-24,Soon,Tue/Thu only,Active
60,38625773239,Synthetic Patient 06617,Obstetrics & Gynecology,5,29,2026-06-25,Soon,Weekday afternoons,Active
61,16045000196,Synthetic Patient 01422,Family Medicine,4,24,2026-06-10,Soon,Any weekday,Active
62,28292801161,Synthetic Patient 04235,Internal Medicine,1,,2026-06-22,Urgent,Mornings before 10am,Contacted
63,10629634762,Synthetic Patient 00171,Pediatrics,4,,2026-06-21,Routine,Mon/Wed/Fri only,Scheduled Elsewhere
64,36979022955,Synthetic Patient 06211,Behavioral Health,6,31,2026-05-15,Routine,Any time,Active
65,14897172245,Synthetic Patient 01155,Obstetrics & Gynecology,5,,2026-06-24,Routine,After 3pm only,Active
66,11282635856,Synthetic Patient 00331,Obstetrics & Gynecology,5,29,2026-06-10,Urgent,Mon/Wed/Fri only,Active
67,17432710429,Synthetic Patient 01712,Family Medicine,1,,2026-06-07,Routine,Weekday mornings,Active
68,48061534091,Synthetic Patient 08786,Endocrinology,3,15,2026-06-27,Routine,Weekday afternoons,Active
69,33157418900,Synthetic Patient 05348,Family Medicine,5,,2026-06-04,Routine,Mornings before 10am,Active
70,16182251141,Synthetic Patient 01448,Family Medicine,1,,2026-06-22,Routine,Weekday afternoons,Active
71,49454763272,Synthetic Patient 09136,Family Medicine,2,,2026-06-28,Soon,After 3pm only,Active
72,22856579845,Synthetic Patient 02944,Family Medicine,2,,2026-06-05,Urgent,After 3pm only,Active
73,53566715073,Synthetic Patient 10012,Behavioral Health,6,33,2026-06-13,Routine,Weekday mornings,Scheduled Elsewhere
74,55138682088,Synthetic Patient 10369,Pediatrics,4,21,2026-05-24,Routine,Weekday mornings,Active
75,32388202668,Synthetic Patient 05182,Dermatology,6,,2026-06-22,Routine,Weekday afternoons,Active
76,29058642829,Synthetic Patient 04391,Family Medicine,2,,2026-06-23,Soon,Any weekday,Active
77,18848797650,Synthetic Patient 02010,Family Medicine,1,,2026-06-28,Soon,Weekday afternoons,Active
78,28828463298,Synthetic Patient 04354,Family Medicine,4,,2026-06-09,Routine,Mon/Wed/Fri only,Scheduled Elsewhere
79,29871812908,Synthetic Patient 04575,Family Medicine,2,,2026-06-17,Routine,Tue/Thu only,Active
80,25353367168,Synthetic Patient 03556,Internal Medicine,1,,2026-06-13,Routine,Mon/Wed/Fri only,Active
81,48374760219,Synthetic Patient 08881,Internal Medicine,1,2,2026-06-21,Routine,After 3pm only,Active
82,41785289214,Synthetic Patient 07360,Family Medicine,5,30,2026-06-20,Routine,Mon/Wed/Fri only,Active
83,38543942963,Synthetic Patient 06590,Cardiology,3,17,2026-06-20,Routine,Weekday afternoons,Active
84,15801168920,Synthetic Patient 01371,Family Medicine,1,3,2026-05-20,Soon,Tue/Thu only,Contacted
85,33139752671,Synthetic Patient 05344,Pediatrics,4,19,2026-06-23,Soon,Mornings before 10am,Active
86,26329940724,Synthetic Patient 03789,Family Medicine,4,,2026-05-31,Soon,Weekday afternoons,Contacted
87,34181026458,Synthetic Patient 05591,Pediatrics,4,,2026-06-30,Urgent,Weekday afternoons,Contacted
88,30516145961,Synthetic Patient 04739,Obstetrics & Gynecology,5,,2026-06-20,Soon,Mornings before 10am,Active
89,34687344953,Synthetic Patient 05709,Family Medicine,4,,2026-06-18,Routine,After 3pm only,Active
90,54030616046,Synthetic Patient 10106,Dermatology,6,,2026-06-18,Soon,Any time,Active
91,43411647694,Synthetic Patient 07719,Obstetrics & Gynecology,5,27,2026-06-24,Soon,After 3pm only,Active
92,22246508064,Synthetic Patient 02812,Pediatrics,4,,2026-05-11,Urgent,Any weekday,Active
93,51833839909,Synthetic Patient 09638,Pediatrics,4,21,2026-06-27,Soon,Mon/Wed/Fri only,Active
94,51784903089,Synthetic Patient 09628,Dermatology,6,,2026-06-11,Routine,After 3pm only,Active
95,39388641573,Synthetic Patient 06811,Family Medicine,5,,2026-06-19,Routine,Any time,Contacted
96,36598814674,Synthetic Patient 06129,Endocrinology,3,18,2026-06-17,Urgent,Weekday afternoons,Active
97,21184767230,Synthetic Patient 02577,Family Medicine,1,,2026-06-19,Soon,Mon/Wed/Fri only,Scheduled Elsewhere
98,52469264118,Synthetic Patient 09766,Family Medicine,5,30,2026-06-30,Urgent,Any weekday,Scheduled Elsewhere
99,42582847806,Synthetic Patient 07542,Family Medicine,4,,2026-07-01,Soon,Mon/Wed/Fri only,Contacted
100,24790224424,Synthetic Patient 03421,Cardiology,3,,2026-06-22,Urgent,After 3pm only,Active
101,53215962939,Synthetic Patient 09927,Internal Medicine,1,,2026-05-21,Urgent,Mornings before 10am,Active
102,12814952614,Synthetic Patient 00668,Internal Medicine,2,,2026-07-01,Routine,Mornings before 10am,Active
103,20797065705,Synthetic Patient 02502,Cardiology,3,,2026-07-04,Soon,Mon/Wed/Fri only,Active
104,23116048034,Synthetic Patient 03004,Internal Medicine,2,,2026-07-02,Routine,Tue/Thu only,Contacted
105,32315229249,Synthetic Patient 05170,Internal Medicine,1,,2026-06-17,Routine,Any weekday,Active
106,52844553582,Synthetic Patient 09853,Internal Medicine,2,,2026-06-19,Soon,Any weekday,Active
107,47131441234,Synthetic Patient 08561,Endocrinology,3,18,2026-06-24,Routine,Mornings before 10am,Active
108,39812595427,Synthetic Patient 06911,Family Medicine,1,,2026-06-20,Soon,Mon/Wed/Fri only,Active
109,53056443347,Synthetic Patient 09897,Obstetrics & Gynecology,5,25,2026-06-06,Routine,After 3pm only,Active
110,34027460680,Synthetic Patient 05558,Internal Medicine,3,,2026-06-24,Routine,Weekday afternoons,Active
111,52766106744,Synthetic Patient 09832,Cardiology,3,14,2026-06-24,Routine,Weekday afternoons,Active
112,10548316494,Synthetic Patient 00154,Family Medicine,1,,2026-06-26,Routine,Weekday mornings,Active
113,48825536787,Synthetic Patient 08986,Internal Medicine,3,16,2026-06-28,Soon,After 3pm only,Contacted
114,26877830191,Synthetic Patient 03899,Family Medicine,2,,2026-06-26,Soon,Any weekday,Active
115,43001880512,Synthetic Patient 07642,Internal Medicine,2,,2026-06-15,Routine,Tue/Thu only,Active
116,47793103933,Synthetic Patient 08727,Behavioral Health,6,33,2026-06-28,Urgent,Mon/Wed/Fri only,Active
117,12400479968,Synthetic Patient 00567,Family Medicine,5,,2026-06-19,Urgent,Any time,Active
118,16908863384,Synthetic Patient 01601,Obstetrics & Gynecology,5,,2026-06-20,Soon,Weekday mornings,Scheduled Elsewhere
119,37989578605,Synthetic Patient 06460,Internal Medicine,2,,2026-06-14,Routine,Any time,Contacted
120,54632953354,Synthetic Patient 10255,Family Medicine,2,,2026-06-21,Soon,Mornings before 10am,Active
121,51600513712,Synthetic Patient 09571,Internal Medicine,2,,2026-06-21,Routine,Any weekday,Scheduled Elsewhere
122,48126549285,Synthetic Patient 08807,Obstetrics & Gynecology,5,27,2026-06-27,Soon,Mornings before 10am,Active
123,17629726849,Synthetic Patient 01756,Internal Medicine,2,8,2026-07-02,Routine,Weekday mornings,Active
124,29448148450,Synthetic Patient 04483,Obstetrics & Gynecology,5,,2026-06-17,Routine,After 3pm only,Active
125,52525068499,Synthetic Patient 09777,Family Medicine,4,,2026-06-23,Soon,Weekday afternoons,Active
126,26216593463,Synthetic Patient 03765,Internal Medicine,3,,2026-05-31,Soon,Mon/Wed/Fri only,Contacted
127,14572505328,Synthetic Patient 01072,Family Medicine,5,30,2026-06-02,Routine,Weekday afternoons,Active
128,43240788456,Synthetic Patient 07690,Family Medicine,4,22,2026-06-22,Routine,Mon/Wed/Fri only,Contacted
129,43350455103,Synthetic Patient 07707,Endocrinology,3,,2026-06-18,Routine,Weekday mornings,Active
130,46389094192,Synthetic Patient 08394,Internal Medicine,1,,2026-06-25,Soon,Mornings before 10am,Active
131,30793440604,Synthetic Patient 04813,Dermatology,6,34,2026-06-30,Soon,Any weekday,Active
132,21224441467,Synthetic Patient 02584,Internal Medicine,2,8,2026-06-26,Soon,After 3pm only,Contacted
133,54738159562,Synthetic Patient 10282,Family Medicine,5,28,2026-05-29,Urgent,Mon/Wed/Fri only,Active
134,40819158069,Synthetic Patient 07139,Internal Medicine,2,,2026-07-05,Urgent,After 3pm only,Contacted
135,26013233505,Synthetic Patient 03721,Internal Medicine,2,,2026-07-01,Soon,After 3pm only,Active
136,25709714521,Synthetic Patient 03652,Internal Medicine,1,,2026-05-15,Routine,Tue/Thu only,Active
137,43298593105,Synthetic Patient 07700,Family Medicine,4,,2026-06-18,Urgent,Tue/Thu only,Active
138,39213172198,Synthetic Patient 06769,Endocrinology,3,,2026-06-07,Soon,Any time,Scheduled Elsewhere
139,27287157510,Synthetic Patient 03988,Behavioral Health,6,35,2026-06-08,Urgent,Tue/Thu only,Active
140,14834382863,Synthetic Patient 01134,Family Medicine,1,,2026-07-01,Routine,Mornings before 10am,Active
141,33973873284,Synthetic Patient 05548,Family Medicine,4,22,2026-06-15,Routine,Mornings before 10am,Active
142,42211310431,Synthetic Patient 07456,Endocrinology,3,,2026-06-24,Soon,Weekday mornings,Active
143,34579401606,Synthetic Patient 05684,Internal Medicine,2,8,2026-06-17,Soon,Mornings before 10am,Active
144,28216475155,Synthetic Patient 04219,Pediatrics,4,21,2026-06-22,Routine,After 3pm only,Active
145,11074223383,Synthetic Patient 00280,Cardiology,3,,2026-06-20,Soon,After 3pm only,Active
146,14370911993,Synthetic Patient 01028,Pediatrics,4,21,2026-06-25,Routine,Any weekday,Scheduled Elsewhere
147,22455138578,Synthetic Patient 02867,Obstetrics & Gynecology,5,,2026-06-03,Routine,Any time,Active
148,29146636885,Synthetic Patient 04418,Family Medicine,5,26,2026-06-27,Soon,Any weekday,Active
149,48113408338,Synthetic Patient 08801,Dermatology,6,,2026-06-18,Routine,After 3pm only,Active
150,34969964322,Synthetic Patient 05779,Obstetrics & Gynecology,5,,2026-05-11,Soon,Any time,Active
151,41567753966,Synthetic Patient 07319,Dermatology,6,,2026-07-03,Soon,Any weekday,Active
152,54728160440,Synthetic Patient 10281,Family Medicine,1,,2026-06-15,Routine,Mon/Wed/Fri only,Active
153,20886298694,Synthetic Patient 02521,Family Medicine,4,,2026-06-13,Soon,Weekday mornings,Active
154,39336101181,Synthetic Patient 06801,Family Medicine,4,22,2026-05-31,Routine,Weekday afternoons,Active
155,37167492386,Synthetic Patient 06267,Family Medicine,5,,2026-06-16,Soon,Any time,Active
156,39823056594,Synthetic Patient 06916,Internal Medicine,2,12,2026-06-26,Routine,Mornings before 10am,Active
157,45307764163,Synthetic Patient 08136,Internal Medicine,2,,2026-06-30,Urgent,Weekday mornings,Active
158,22890558139,Synthetic Patient 02956,Obstetrics & Gynecology,5,,2026-06-13,Soon,Any time,Contacted
159,45653207057,Synthetic Patient 08235,Family Medicine,4,,2026-06-10,Routine,Mon/Wed/Fri only,Active
160,23124907066,Synthetic Patient 03008,Family Medicine,2,,2026-05-30,Urgent,Mornings before 10am,Active
161,18795512710,Synthetic Patient 01994,Pediatrics,4,,2026-06-20,Urgent,Any time,Active
162,13092155557,Synthetic Patient 00728,Family Medicine,1,3,2026-07-02,Routine,After 3pm only,Active
163,54612654660,Synthetic Patient 10249,Behavioral Health,6,,2026-06-28,Urgent,Weekday afternoons,Active
164,31523527640,Synthetic Patient 04977,Internal Medicine,1,,2026-06-24,Routine,Any time,Active
165,48117717540,Synthetic Patient 08803,Family Medicine,2,,2026-06-21,Soon,Tue/Thu only,Active
166,21145931374,Synthetic Patient 02559,Internal Medicine,2,8,2026-06-28,Urgent,Weekday mornings,Active
167,27041733071,Synthetic Patient 03937,Family Medicine,1,,2026-06-18,Soon,Mon/Wed/Fri only,Active
168,33014057823,Synthetic Patient 05321,Behavioral Health,6,,2026-06-05,Routine,Any time,Scheduled Elsewhere
169,25446234013,Synthetic Patient 03575,Internal Medicine,2,12,2026-06-19,Soon,Weekday afternoons,Active
170,26602442575,Synthetic Patient 03838,Behavioral Health,6,,2026-05-30,Routine,Mon/Wed/Fri only,Active
